TE_information,count_1/1_Kenya,frequency_Kenya,count_1/1_Colombia,frequency_Colombia,frequency_diff
AaegL5_3_351387259_351387881_rnd_4_family_276_DNA_span_351387259_351387881_-,0,0.0,24,1.0,1.0
AaegL5_2_45856941_45857564_rnd_4_family_1277_Unknown_-,0,0.0,24,1.0,1.0
AaegL5_3_84012998_84013680_rnd_1_family_129_LINE_RTE_BovB_+,0,0.0,24,1.0,1.0
AaegL5_3_402340346_402341314_rnd_1_family_469_DNA_TcMar_Tc1_+,0,0.0,24,1.0,1.0
AaegL5_1_175094564_175095241_rnd_1_family_102_DNA_CMC_Chapaev_-,0,0.0,24,1.0,1.0
AaegL5_3_62859904_62860680_rnd_1_family_163_LTR_Gypsy_+,19,1.0,0,0.0,1.0
AaegL5_2_381675613_381676217_rnd_6_family_1774_LTR_Gypsy_+,0,0.0,24,1.0,1.0
AaegL5_3_60741918_60742665_rnd_1_family_56_DNA_CMC_Chapaev_+,0,0.0,24,1.0,1.0
AaegL5_3_133520458_133521080_rnd_4_family_1277_Unknown_+,0,0.0,24,1.0,1.0
AaegL5_3_16016866_16017490_rnd_5_family_586_Unknown_+,0,0.0,24,1.0,1.0
